"strategie","cost_mediu_zi","abatere_std"
"Adaptiva",399.849720547945,13.8617058632219
"Fixa",400.118750684932,15.2718749810829
