"strategie","cost_mediu_zi","abatere_std"
"Adaptiva",399.827101369863,14.9989851179142
"Fixa",400.118750684932,15.2718749810829
