"procent_verificare","prob_detectie"
0.01,0.020027397260274
0.05,0.0955342465753425
0.1,0.180356164383562
0.2,0.327602739726027
0.3,0.449041095890411
