"indicator","medie","abatere_std"
"prob_detectie_zi",0.294923287671233,0.0238715379313405
"prop_detectata",0.177288267801613,0.0165222846777243
"prop_nedetectata",0.822711732198387,0.0165222846777243
"nr_mediu_verificari",75.9440465753425,2.71437178780383
"eficienta",0.00499789298301997,0.000422393334936789
