"c2","strategie","cost_mediu_zi"
10,"Fixa",39.0560410958904
10,"Adaptiva",40.3998356164384
20,"Fixa",58.0883561643836
20,"Adaptiva",59.3481369863014
50,"Fixa",115.057424657534
50,"Adaptiva",116.388301369863
100,"Fixa",209.750164383562
100,"Adaptiva",209.468328767123
200,"Fixa",400.168191780822
200,"Adaptiva",399.573493150685
500,"Fixa",970.16
500,"Adaptiva",966.536246575342
